id,name,email
1,John Smith,john.smith@email.com
2,Emma Johnson,emma.johnson@email.com
3,Michael Brown,michael.brown@email.com
4,Sarah Davis,sarah.davis@email.com
5,James Wilson,james.wilson@email.com
6,Jessica Miller,jessica.miller@email.com
7,Robert Taylor,robert.taylor@email.com
8,Jennifer Anderson,jennifer.anderson@email.com
9,William Thomas,william.thomas@email.com
10,Lisa Jackson,lisa.jackson@email.com
11,David White,david.white@email.com
12,Mary Harris,mary.harris@email.com
13,Richard Martin,richard.martin@email.com
14,Patricia Thompson,patricia.thompson@email.com
15,Christopher Garcia,christopher.garcia@email.com
16,Linda Martinez,linda.martinez@email.com
17,Daniel Robinson,daniel.robinson@email.com
18,Barbara Clark,barbara.clark@email.com
19,Matthew Rodriguez,matthew.rodriguez@email.com
20,Elizabeth Lewis,elizabeth.lewis@email.com
21,Anthony Lee,anthony.lee@email.com
22,Susan Walker,susan.walker@email.com
23,Mark Hall,mark.hall@email.com
24,Nancy Allen,nancy.allen@email.com
25,Thomas Young,thomas.young@email.com
26,Karen Hernandez,karen.hernandez@email.com
27,Charles King,charles.king@email.com
28,Betty Wright,betty.wright@email.com
29,Joshua Lopez,joshua.lopez@email.com
30,Dorothy Hill,dorothy.hill@email.com
31,Andrew Scott,andrew.scott@email.com
32,Emily Green,emily.green@email.com
33,Kenneth Adams,kenneth.adams@email.com
34,Michelle Baker,michelle.baker@email.com
35,Kevin Gonzalez,kevin.gonzalez@email.com
36,Amanda Nelson,amanda.nelson@email.com
37,Brian Carter,brian.carter@email.com
38,Stephanie Mitchell,stephanie.mitchell@email.com
39,George Perez,george.perez@email.com
40,Deborah Roberts,deborah.roberts@email.com
41,Ronald Turner,ronald.turner@email.com
42,Laura Phillips,laura.phillips@email.com
43,Eric Campbell,eric.campbell@email.com
44,Kimberly Parker,kimberly.parker@email.com
45,Justin Evans,justin.evans@email.com
46,Amy Edwards,amy.edwards@email.com
47,Ryan Collins,ryan.collins@email.com
48,Angela Stewart,angela.stewart@email.com
49,Gary Sanchez,gary.sanchez@email.com
50,Brenda Morris,brenda.morris@email.com